"product_id","product_name","category","sub_category","total_sales","total_profits"
"FUR-TA-3429","Bevis Round Table, Adjustable Height","Furniture","Tables",5669.796,-3633.894
"FUR-TA-3418","Bevis Computer Table, Fully Assembled","Furniture","Tables",11221.8962,-3474.5638
"FUR-TA-3753","Chromcraft Bull-Nose Wood Oval Conference Tables & Bases","Furniture","Tables",9930.640,-2860.1156
"FUR-TA-3442","Bevis Wood Table, with Bottom Storage","Furniture","Tables",11164.662,-2750.588
"FUR-TA-5069","Lesro Training Table, Rectangular","Furniture","Tables",2730.6466,-2564.2834
"FUR-TA-3345","Barricks Conference Table, Rectangular","Furniture","Tables",3674.8325,-2477.9675
"FUR-TA-3420","Bevis Conference Table, Fully Assembled","Furniture","Tables",14902.9507,-2425.0893
"FUR-TA-5062","Lesro Round Table, Adjustable Height","Furniture","Tables",3975.624,-2389.976
"FUR-TA-5055","Lesro Computer Table, Fully Assembled","Furniture","Tables",7241.262,-2304.838
"FUR-TA-3756","Chromcraft Coffee Table, Fully Assembled","Furniture","Tables",1236.424,-1948.696
"FUR-TA-3619","Bush Advantage Collection Racetrack Conference Table","Furniture","Tables",9568.725,-1915.3976
"FUR-TA-3343","Barricks Conference Table, Adjustable Height","Furniture","Tables",6441.508,-1912.852
"FUR-TA-4647","Hon Conference Table, Rectangular","Furniture","Tables",7605.2895,-1902.8505
"FUR-TA-3348","Barricks Round Table, Adjustable Height","Furniture","Tables",3238.075,-1865.675
"FUR-TA-3766","Chromcraft Conference Table, with Bottom Storage","Furniture","Tables",13733.919,-1828.331
"FUR-TA-3346","Barricks Conference Table, with Bottom Storage","Furniture","Tables",6519.740,-1821.370
"FUR-TA-3770","Chromcraft Round Table, Fully Assembled","Furniture","Tables",3586.751,-1813.079
"FUR-TA-3351","Barricks Round Table, with Bottom Storage","Furniture","Tables",3641.9475,-1708.3325
"FUR-TA-3341","Barricks Computer Table, Fully Assembled","Furniture","Tables",10642.2178,-1554.2722
"FUR-TA-4645","Hon Conference Table, Adjustable Height","Furniture","Tables",15053.8742,-1548.5658
"FUR-TA-5067","Lesro Training Table, Adjustable Height","Furniture","Tables",4243.8308,-1431.9792
"FUR-TA-3338","Barricks Coffee Table, Rectangular","Furniture","Tables",3154.2350,-1417.8750
"FUR-TA-4692","Hon Round Table, with Bottom Storage","Furniture","Tables",6376.890,-1308.650
"FUR-TA-5072","Lesro Wood Table, Fully Assembled","Furniture","Tables",5575.465,-1282.145
"FUR-TA-3332","Balt Solid Wood Round Tables","Furniture","Tables",6526.754,-1187.0581
"FUR-TA-3769","Chromcraft Round Table, Adjustable Height","Furniture","Tables",8341.6902,-1184.0498
"FUR-TA-3556","BoxOffice By Design Rectangular and Half-Moon Meeting Room Tables","Furniture","Tables",1720.250,-1138.4375
"FUR-TA-5683","Riverside Furniture Oval Coffee Table, Oval End Table, End Table with Drawer","Furniture","Tables",4458.175,-1132.400
"FUR-TA-3775","Chromcraft Training Table, Rectangular","Furniture","Tables",2150.9106,-1099.2094
"FUR-TA-3436","Bevis Training Table, Fully Assembled","Furniture","Tables",2982.6105,-979.5095
"FUR-TA-3559","Bretford “Just In Time” Height-Adjustable Multi-Task Work Tables","Furniture","Tables",5646.90,-957.194
"FUR-TA-3336","Barricks Coffee Table, Adjustable Height","Furniture","Tables",6013.6315,-951.6985
"FUR-TA-4642","Hon Computer Table, Adjustable Height","Furniture","Tables",3759.0465,-897.1735
"FUR-TA-3765","Chromcraft Conference Table, Rectangular","Furniture","Tables",10230.816,-883.944
"FUR-TA-3337","Barricks Coffee Table, Fully Assembled","Furniture","Tables",3208.2741,-869.0759
"FUR-TA-5074","Lesro Wood Table, with Bottom Storage","Furniture","Tables",2400.2416,-868.7684
"FUR-TA-3340","Barricks Computer Table, Adjustable Height","Furniture","Tables",3107.0885,-860.5715
"FUR-TA-3423","Bevis Oval Conference Table, Walnut","Furniture","Tables",6962.068,-828.0144
"FUR-TA-5068","Lesro Training Table, Fully Assembled","Furniture","Tables",3500.7803,-824.5497
"FUR-TA-4648","Hon Conference Table, with Bottom Storage","Furniture","Tables",1754.812,-809.148
"FUR-TA-5052","Lesro Coffee Table, Rectangular","Furniture","Tables",1490.463,-785.677
"FUR-TA-3557","BPI Conference Tables","Furniture","Tables",2254.8675,-782.9725
"FUR-TA-4636","Hon Coffee Table, with Bottom Storage","Furniture","Tables",3769.415,-755.835
"FUR-TA-5071","Lesro Wood Table, Adjustable Height","Furniture","Tables",6494.756,-695.044
"FUR-TA-4625","Hon 94000 Series Round Tables","Furniture","Tables",7416.500,-669.2140
"FUR-TA-3353","Barricks Training Table, Fully Assembled","Furniture","Tables",3292.9835,-657.2265
"FUR-TA-3355","Barricks Training Table, with Bottom Storage","Furniture","Tables",2331.163,-653.717
"FUR-TA-3779","Chromcraft Wood Table, Rectangular","Furniture","Tables",4734.0856,-651.7544
"FUR-TA-5073","Lesro Wood Table, Rectangular","Furniture","Tables",3882.25,-651.50
"FUR-TA-3771","Chromcraft Round Table, Rectangular","Furniture","Tables",3260.69,-629.31
"FUR-TA-3350","Barricks Round Table, Rectangular","Furniture","Tables",1623.01,-622.94
"FUR-TA-3354","Barricks Training Table, Rectangular","Furniture","Tables",5356.5682,-609.0718
"FUR-TA-3752","Chromcraft Bull-Nose Wood 48"" x 96"" Rectangular Conference Tables","Furniture","Tables",4312.644,-594.5878
"FUR-TA-4676","Hon Racetrack Conference Tables","Furniture","Tables",3977.901,-580.5228
"FUR-TA-3424","Bevis Rectangular Conference Tables","Furniture","Tables",1021.262,-578.8396
"FUR-TA-3776","Chromcraft Training Table, with Bottom Storage","Furniture","Tables",2159.2084,-529.8416
"FUR-TA-3560","Bretford CR4500 Series Slim Rectangular Table","Furniture","Tables",7266.7680,-508.7613
"FUR-TA-5058","Lesro Conference Table, Fully Assembled","Furniture","Tables",7049.8925,-502.4775
"FUR-TA-3428","Bevis Round Conference Table Top, X-Base","Furniture","Tables",2689.421,-496.9410
"FUR-TA-3438","Bevis Training Table, with Bottom Storage","Furniture","Tables",675.960,-476.460
"FUR-TA-5051","Lesro Coffee Table, Fully Assembled","Furniture","Tables",1119.268,-465.162
"FUR-TA-4944","KI Conference Tables","Furniture","Tables",2165.878,-449.2164
"FUR-TA-3434","Bevis Traditional Conference Table Top, Plinth Base","Furniture","Tables",2042.496,-446.7032
"FUR-TA-3412","Bevis Boat-Shaped Conference Table","Furniture","Tables",2559.467,-428.5870
"FUR-TA-3767","Chromcraft Rectangular Conference Tables","Furniture","Tables",4979.673,-421.2430
"FUR-TA-3413","Bevis Coffee Table, Adjustable Height","Furniture","Tables",3385.4961,-412.4239
"FUR-TA-5684","Riverside Furniture Stanwyck Manor Table Series","Furniture","Tables",928.92,-406.9325
"FUR-TA-4690","Hon Round Table, Fully Assembled","Furniture","Tables",1527.648,-406.032
"FUR-TA-4635","Hon Coffee Table, Fully Assembled","Furniture","Tables",1150.532,-395.518
"FUR-TA-3432","Bevis Round Table, with Bottom Storage","Furniture","Tables",2719.1337,-395.2563
"FUR-TA-4614","Hon 2111 Invitation Series Corner Table","Furniture","Tables",3148.550,-392.9904
"FUR-TA-3416","Bevis Coffee Table, with Bottom Storage","Furniture","Tables",830.268,-391.572
"FUR-TA-3751","Chromcraft 48"" x 96"" Racetrack Double Pedestal Table","Furniture","Tables",5112.176,-386.0064
"FUR-TA-4841","Iceberg OfficeWorks 42"" Round Tables","Furniture","Tables",3473.442,-368.548
"FUR-TA-3333","Balt Split Level Computer Training Table","Furniture","Tables",1054.625,-343.975
"FUR-TA-5061","Lesro Round Back Collection Coffee Table, End Table","Furniture","Tables",2861.780,-306.5900
"FUR-TA-3758","Chromcraft Coffee Table, with Bottom Storage","Furniture","Tables",1377.5008,-301.5592
"FUR-TA-3780","Chromcraft Wood Table, with Bottom Storage","Furniture","Tables",4165.672,-297.648
"FUR-TA-4713","Hon Wood Table, with Bottom Storage","Furniture","Tables",6455.804,-296.876
"FUR-TA-4691","Hon Round Table, Rectangular","Furniture","Tables",3427.200,-296.110
"FUR-TA-3435","Bevis Training Table, Adjustable Height","Furniture","Tables",4567.2994,-295.1606
"FUR-TA-3562","Bretford Rectangular Conference Table Tops","Furniture","Tables",13029.2915,-292.2331
"FUR-TA-4677","Hon Rectangular Conference Tables","Furniture","Tables",3490.515,-283.8150
"FUR-TA-3356","Barricks Wood Table, Adjustable Height","Furniture","Tables",3876.792,-234.138
"FUR-TA-3757","Chromcraft Coffee Table, Rectangular","Furniture","Tables",1453.397,-228.323
"FUR-TA-3441","Bevis Wood Table, Rectangular","Furniture","Tables",5191.005,-226.835
"FUR-TA-4622","Hon 5100 Series Wood Tables","Furniture","Tables",5983.090,-222.6036
"FUR-TA-3331","Balt Solid Wood Rectangular Table","Furniture","Tables",840.0965,-204.2545
"FUR-TA-3414","Bevis Coffee Table, Fully Assembled","Furniture","Tables",1825.6775,-202.2125
"FUR-TA-4943","KI Adjustable-Height Table","Furniture","Tables",4607.641,-201.4822
"FUR-TA-5045","Laminate Occasional Tables","Furniture","Tables",2102.168,-198.5342
"FUR-TA-3425","Bevis Round Bullnose 29"" High Table Top","Furniture","Tables",4554.925,-176.1854
"FUR-TA-4616","Hon 30"" x 60"" Table with Locking Drawer","Furniture","Tables",1306.028,-169.3512
"FUR-TA-3440","Bevis Wood Table, Fully Assembled","Furniture","Tables",2083.4088,-158.3312
"FUR-TA-3768","Chromcraft Round Conference Tables","Furniture","Tables",8238.059,-151.9761
"FUR-TA-3419","Bevis Computer Table, with Bottom Storage","Furniture","Tables",2692.234,-151.066
"FUR-TA-3411","Bevis 44 x 96 Conference Tables","Furniture","Tables",3270.22,-149.720
"FUR-TA-5063","Lesro Round Table, Fully Assembled","Furniture","Tables",3737.0708,-136.3092
"FUR-TA-3622","Bush Andora Conference Table, Maple/Graphite Gray Finish","Furniture","Tables",1448.232,-127.6232
"FUR-TA-4624","Hon 61000 Series Interactive Training Tables","Furniture","Tables",679.121,-116.3962
"FUR-TA-4615","Hon 2111 Invitation Series Straight Table","Furniture","Tables",2060.054,-97.3074
"FUR-TA-3417","Bevis Computer Table, Adjustable Height","Furniture","Tables",3690.272,-92.068
"FUR-TA-3335","Barricks 18"" x 48"" Non-Folding Utility Table with Bottom Storage Shelf","Furniture","Tables",1103.64,-88.832
"FUR-TA-3773","Chromcraft Training Table, Adjustable Height","Furniture","Tables",42.144,-85.736
"FUR-TA-4707","Hon Training Table, Rectangular","Furniture","Tables",644.522,-84.718
"FUR-TA-4646","Hon Conference Table, Fully Assembled","Furniture","Tables",1667.31,-80.07
"FUR-TA-3774","Chromcraft Training Table, Fully Assembled","Furniture","Tables",614.8656,-66.4544
"FUR-TA-5421","Office Impressions End Table, 20-1/2""H x 24""W x 20""D","Furniture","Tables",5811.816,-56.8272
"FUR-TA-3415","Bevis Coffee Table, Rectangular","Furniture","Tables",1802.25,-55.45
"FUR-TA-3426","Bevis Round Conference Room Tables and Bases","Furniture","Tables",527.941,-32.4438
"FUR-TA-5065","Lesro Round Table, with Bottom Storage","Furniture","Tables",3672.281,-28.279
"FUR-TA-3117","Anderson Hickey Conga Table Tops & Accessories","Furniture","Tables",56.782,-12.5145
"FUR-TA-5070","Lesro Training Table, with Bottom Storage","Furniture","Tables",2080.344,2.784
"FUR-TA-5066","Lesro Sheffield Collection Coffee Table, End Table, Center Table, Corner Table","Furniture","Tables",2328.114,12.8671
"FUR-TA-3347","Barricks Non-Folding Utility Table with Steel Legs, Laminate Tops","Furniture","Tables",137.464,18.3522
"FUR-TA-4712","Hon Wood Table, Rectangular","Furniture","Tables",6829.180,28.500
"FUR-TA-5772","Safco Drafting Table","Furniture","Tables",646.820,50.0704
"FUR-TA-3342","Barricks Computer Table, with Bottom Storage","Furniture","Tables",8685.542,60.472
"FUR-TA-5791","SAFCO PlanMaster Boards, 60w x 37-1/2d, White Melamine","Furniture","Tables",2997.004,69.7164
"FUR-TA-3755","Chromcraft Coffee Table, Adjustable Height","Furniture","Tables",2938.200,84.780
"FUR-TA-5056","Lesro Computer Table, with Bottom Storage","Furniture","Tables",3284.028,93.028
"FUR-TA-3762","Chromcraft Computer Table, with Bottom Storage","Furniture","Tables",13852.1036,95.0236
"FUR-TA-3763","Chromcraft Conference Table, Adjustable Height","Furniture","Tables",4525.110,101.200
"FUR-TA-4617","Hon 4060 Series Tables","Furniture","Tables",1241.560,107.2856
"FUR-TA-3427","Bevis Round Conference Table Top & Single Column Base","Furniture","Tables",2310.538,111.9746
"FUR-TA-4689","Hon Round Table, Adjustable Height","Furniture","Tables",833.96,116.94
"FUR-TA-3754","Chromcraft Bull-Nose Wood Round Conference Table Top, Wood Base","Furniture","Tables",3374.890,121.2110
"FUR-TA-5050","Lesro Coffee Table, Adjustable Height","Furniture","Tables",2499.589,145.739
"FUR-TA-3359","Barricks Wood Table, with Bottom Storage","Furniture","Tables",5386.3489,148.9189
"FUR-TA-5054","Lesro Computer Table, Adjustable Height","Furniture","Tables",6714.984,153.714
"FUR-TA-3778","Chromcraft Wood Table, Fully Assembled","Furniture","Tables",2814.142,171.442
"FUR-TA-5060","Lesro Conference Table, with Bottom Storage","Furniture","Tables",12801.942,176.082
"FUR-TA-5057","Lesro Conference Table, Adjustable Height","Furniture","Tables",10938.0790,189.0290
"FUR-TA-3772","Chromcraft Round Table, with Bottom Storage","Furniture","Tables",4892.195,205.615
"FUR-TA-3620","Bush Advantage Collection Round Conference Table","Furniture","Tables",3414.60,220.474
"FUR-TA-4643","Hon Computer Table, Fully Assembled","Furniture","Tables",6525.7655,221.2955
"FUR-TA-5053","Lesro Coffee Table, with Bottom Storage","Furniture","Tables",4293.6,268.48
"FUR-TA-4708","Hon Training Table, with Bottom Storage","Furniture","Tables",1067.64,300.68
"FUR-TA-3633","Bush Cubix Conference Tables, Fully Assembled","Furniture","Tables",3617.288,325.823
"FUR-TA-3437","Bevis Training Table, Rectangular","Furniture","Tables",3938.6325,344.8325
"FUR-TA-4710","Hon Wood Table, Adjustable Height","Furniture","Tables",3137.984,358.044
"FUR-TA-3349","Barricks Round Table, Fully Assembled","Furniture","Tables",6740.4596,360.9396
"FUR-TA-4392","Global Adaptabilities Conference Tables","Furniture","Tables",3551.348,365.0348
"FUR-TA-3339","Barricks Coffee Table, with Bottom Storage","Furniture","Tables",1128.6,383.82
"FUR-TA-3760","Chromcraft Computer Table, Fully Assembled","Furniture","Tables",2559.76,387.61
"FUR-TA-3422","Bevis Conference Table, with Bottom Storage","Furniture","Tables",7413.3176,401.6876
"FUR-TA-3761","Chromcraft Computer Table, Rectangular","Furniture","Tables",1416.2,407.72
"FUR-TA-3357","Barricks Wood Table, Fully Assembled","Furniture","Tables",4047.52,446.04
"FUR-TA-4675","Hon Practical Foundations 30 x 60 Training Table, Light Gray/Charcoal","Furniture","Tables",4352.8275,448.0695
"FUR-TA-3410","Bevis 36 x 72 Conference Tables","Furniture","Tables",4354.252,473.1640
"FUR-TA-4644","Hon Computer Table, with Bottom Storage","Furniture","Tables",5051.186,483.426
"FUR-TA-3561","Bretford CR8500 Series Meeting Room Furniture","Furniture","Tables",6792.562,484.127
"FUR-TA-4671","Hon Non-Folding Utility Tables","Furniture","Tables",3791.647,553.654
"FUR-TA-3439","Bevis Wood Table, Adjustable Height","Furniture","Tables",2617.56,554.84
"FUR-TA-3430","Bevis Round Table, Fully Assembled","Furniture","Tables",3404.112,557.272
"FUR-TA-5064","Lesro Round Table, Rectangular","Furniture","Tables",10729.497,609.457
"FUR-TA-5792","SAFCO PlanMaster Heigh-Adjustable Drafting Table Base, 43w x 30d x 30-37h, Black","Furniture","Tables",3758.115,625.043
"FUR-TA-3358","Barricks Wood Table, Rectangular","Furniture","Tables",2612.37,652.27
"FUR-TA-4634","Hon Coffee Table, Adjustable Height","Furniture","Tables",2434.484,692.184
"FUR-TA-4711","Hon Wood Table, Fully Assembled","Furniture","Tables",6156.408,842.938
"FUR-TA-5059","Lesro Conference Table, Rectangular","Furniture","Tables",11024.9300,876.6300
"FUR-TA-3777","Chromcraft Wood Table, Adjustable Height","Furniture","Tables",4954.042,886.202
"FUR-TA-3764","Chromcraft Conference Table, Fully Assembled","Furniture","Tables",8050.088,1005.408
"FUR-TA-3421","Bevis Conference Table, Rectangular","Furniture","Tables",3696.320,1047.920
"FUR-TA-3431","Bevis Round Table, Rectangular","Furniture","Tables",8134.7472,1316.4872
"FUR-TA-4706","Hon Training Table, Fully Assembled","Furniture","Tables",5566.7915,1356.8515
"FUR-TA-3344","Barricks Conference Table, Fully Assembled","Furniture","Tables",14947.505,1592.655
"FUR-TA-3352","Barricks Training Table, Adjustable Height","Furniture","Tables",8715.3035,1769.9735
"FUR-TA-4705","Hon Training Table, Adjustable Height","Furniture","Tables",5737.619,1923.789
"FUR-TA-3759","Chromcraft Computer Table, Adjustable Height","Furniture","Tables",7603.967,3030.107
